Group Code,Group Name,Class Code,Class Name,Position Code,Position Name,Subposition Code,Subposition Name,MXIK Code,MXIK Name,Fetched At
001,"TIRIK HAYVONLAR",00101,"Tirik otlar, eshaklar",00101001,"Tirik otlar va eshaklar",00101001001,"Tirik otlar",00101001001000000,"Final code for 00101001001",2025-08-13T20:20:45.790Z
001,"TIRIK HAYVONLAR",00101,"Tirik otlar, eshaklar",00101001,"Tirik otlar va eshaklar",00101001003,"Tirik otlar (so’yish vaznida)",00101001003000000,"Final code for 00101001003",2025-08-13T20:20:46.217Z
001,"TIRIK HAYVONLAR",00101,"Tirik otlar, eshaklar",00101001,"Tirik otlar va eshaklar",00101001007,"Tirik eshaklar",00101001007000000,"Final code for 00101001007",2025-08-13T20:20:46.532Z
001,"TIRIK HAYVONLAR",00102,"Yirik shoxli tirik uy qoramollari",00102001,"Tirik yirik shoxli uy qoramollari",00102001001,"Tirik buqalar",00102001001000000,"Final code for 00102001001",2025-08-13T20:20:47.103Z
001,"TIRIK HAYVONLAR",00102,"Yirik shoxli tirik uy qoramollari",00102001,"Tirik yirik shoxli uy qoramollari",00102001002,"Tirik sigirlar",00102001002000000,"Final code for 00102001002",2025-08-13T20:20:47.426Z
001,"TIRIK HAYVONLAR",00102,"Yirik shoxli tirik uy qoramollari",00102001,"Tirik yirik shoxli uy qoramollari",00102001003,"Buzoqlar",00102001003000000,"Final code for 00102001003",2025-08-13T20:20:47.748Z
001,"TIRIK HAYVONLAR",00102,"Yirik shoxli tirik uy qoramollari",00102001,"Tirik yirik shoxli uy qoramollari",00102001004,"Tirik buqalar, sigirlar va buzoqlar (so’yish vaznida)",00102001004000000,"Final code for 00102001004",2025-08-13T20:20:48.064Z
001,"TIRIK HAYVONLAR",00103,"Tirik cho’chqalar",00103001,"Tirik cho’chqalar",00103001001,"Tirik cho’chqalar",00103001001000000,"Final code for 00103001001",2025-08-13T20:20:48.621Z
001,"TIRIK HAYVONLAR",00103,"Tirik cho’chqalar",00103001,"Tirik cho’chqalar",00103001003,"Tirik cho’chqalar (so’yish vaznida)",00103001003000000,"Final code for 00103001003",2025-08-13T20:20:48.938Z
001,"TIRIK HAYVONLAR",00104,"Tirik qo’ylar va echkilar",00104001,"Tirik qo’ylar va echkilar ",00104001001,"Tirik qo’ylar",00104001001000000,"Final code for 00104001001",2025-08-13T20:20:49.508Z
001,"TIRIK HAYVONLAR",00104,"Tirik qo’ylar va echkilar",00104001,"Tirik qo’ylar va echkilar ",00104001003,"Tirik echkilar",00104001003000000,"Final code for 00104001003",2025-08-13T20:20:49.825Z
001,"TIRIK HAYVONLAR",00104,"Tirik qo’ylar va echkilar",00104001,"Tirik qo’ylar va echkilar ",00104001005,"Tirik qo’ylar va echkilar (so’yish vaznida)",00104001005000000,"Final code for 00104001005",2025-08-13T20:20:50.132Z
001,"TIRIK HAYVONLAR",00105,"Tirik parrandalar (uy tovuqlari, o’rdaklar, g’ozlar va kurkalar)",00105001,"Tovuqlar, xo’rozlar va jo’jalar",00105001001,"Tovuqlar",00105001001000000,"Final code for 00105001001",2025-08-13T20:20:50.723Z
001,"TIRIK HAYVONLAR",00105,"Tirik parrandalar (uy tovuqlari, o’rdaklar, g’ozlar va kurkalar)",00105001,"Tovuqlar, xo’rozlar va jo’jalar",00105001002,"Xo’rozlar",00105001002000000,"Final code for 00105001002",2025-08-13T20:20:51.039Z
001,"TIRIK HAYVONLAR",00105,"Tirik parrandalar (uy tovuqlari, o’rdaklar, g’ozlar va kurkalar)",00105001,"Tovuqlar, xo’rozlar va jo’jalar",00105001003,"Tovuq jo’jalar",00105001003000000,"Final code for 00105001003",2025-08-13T20:20:51.351Z
001,"TIRIK HAYVONLAR",00105,"Tirik parrandalar (uy tovuqlari, o’rdaklar, g’ozlar va kurkalar)",00105002,"Kurka",00105002001,"Kurkalar",00105002001000000,"Final code for 00105002001",2025-08-13T20:20:51.817Z
001,"TIRIK HAYVONLAR",00105,"Tirik parrandalar (uy tovuqlari, o’rdaklar, g’ozlar va kurkalar)",00105003,"G’ozlar",00105003001,"G’ozlar",00105003001000000,"Final code for 00105003001",2025-08-13T20:20:52.258Z
001,"TIRIK HAYVONLAR",00105,"Tirik parrandalar (uy tovuqlari, o’rdaklar, g’ozlar va kurkalar)",00105004,"O’rdaklar",00105004001,"O’rdaklar",00105004001000000,"Final code for 00105004001",2025-08-13T20:20:52.698Z
001,"TIRIK HAYVONLAR",00199,"Boshqa tirik hayvonlar",00199001,"Hashoratlar",00199001001,"Oltinko’z",00199001001000000,"Final code for 00199001001",2025-08-13T20:20:53.283Z
001,"TIRIK HAYVONLAR",00199,"Boshqa tirik hayvonlar",00199001,"Hashoratlar",00199001002,"Gabrobrakon",00199001002000000,"Final code for 00199001002",2025-08-13T20:20:53.709Z
001,"TIRIK HAYVONLAR",00199,"Boshqa tirik hayvonlar",00199001,"Hashoratlar",00199001003,"Trixogramma",00199001003000000,"Final code for 00199001003",2025-08-13T20:20:54.027Z
001,"TIRIK HAYVONLAR",00199,"Boshqa tirik hayvonlar",00199001,"Hashoratlar",00199001004,"Zuluk",00199001004000000,"Final code for 00199001004",2025-08-13T20:20:54.347Z
001,"TIRIK HAYVONLAR",00199,"Boshqa tirik hayvonlar",00199001,"Hashoratlar",00199001007,"Chuvalchang",00199001007000000,"Final code for 00199001007",2025-08-13T20:20:54.780Z
001,"TIRIK HAYVONLAR",00199,"Boshqa tirik hayvonlar",00199001,"Hashoratlar",00199001008,"Asalari oilalari (paketlar)",00199001008000000,"Final code for 00199001008",2025-08-13T20:20:55.105Z
001,"TIRIK HAYVONLAR",00199,"Boshqa tirik hayvonlar",00199001,"Hashoratlar",00199001010,"Ipak qurti",00199001010000000,"Final code for 00199001010",2025-08-13T20:20:55.419Z
001,"TIRIK HAYVONLAR",00199,"Boshqa tirik hayvonlar",00199001,"Hashoratlar",00199001011,"Boshqa xashoratlar",00199001011000000,"Final code for 00199001011",2025-08-13T20:20:55.734Z
001,"TIRIK HAYVONLAR",00199,"Boshqa tirik hayvonlar",00199002,"Sudralib yuruvchilar (shu jumladan ilon va toshbaqalar)",00199002001,"Sudralib yuruvchilar (shu jumladan ilonlar va toshbaqalar)",00199002001000000,"Final code for 00199002001",2025-08-13T20:20:56.204Z
001,"TIRIK HAYVONLAR",00199,"Boshqa tirik hayvonlar",00199003,"Qushlar",00199003001,"To’tiqushlar",00199003001000000,"Final code for 00199003001",2025-08-13T20:20:56.770Z
001,"TIRIK HAYVONLAR",00199,"Boshqa tirik hayvonlar",00199003,"Qushlar",00199003002,"Tovuslar",00199003002000000,"Final code for 00199003002",2025-08-13T20:20:57.092Z
001,"TIRIK HAYVONLAR",00199,"Boshqa tirik hayvonlar",00199003,"Qushlar",00199003003,"Oltin tustovuqlar",00199003003000000,"Final code for 00199003003",2025-08-13T20:20:57.404Z
001,"TIRIK HAYVONLAR",00199,"Boshqa tirik hayvonlar",00199003,"Qushlar",00199003004,"Tuyaqushlar",00199003004000000,"Final code for 00199003004",2025-08-13T20:20:57.712Z
001,"TIRIK HAYVONLAR",00199,"Boshqa tirik hayvonlar",00199003,"Qushlar",00199003006,"Lochinlar",00199003006000000,"Final code for 00199003006",2025-08-13T20:20:58.029Z
001,"TIRIK HAYVONLAR",00199,"Boshqa tirik hayvonlar",00199003,"Qushlar",00199003007,"Amadinalar",00199003007000000,"Final code for 00199003007",2025-08-13T20:20:58.339Z
001,"TIRIK HAYVONLAR",00199,"Boshqa tirik hayvonlar",00199003,"Qushlar",00199003008,"Kakliklar",00199003008000000,"Final code for 00199003008",2025-08-13T20:20:58.654Z
001,"TIRIK HAYVONLAR",00199,"Boshqa tirik hayvonlar",00199003,"Qushlar",00199003009,"Bedana",00199003009000000,"Final code for 00199003009",2025-08-13T20:20:58.967Z
001,"TIRIK HAYVONLAR",00199,"Boshqa tirik hayvonlar",00199003,"Qushlar",00199003011,"Boshqa parrandalar",00199003011000000,"Final code for 00199003011",2025-08-13T20:20:59.285Z
001,"TIRIK HAYVONLAR",00199,"Boshqa tirik hayvonlar",00199008,"Sutemizuvchilar",00199008001,"Tirik tuyalar va tuya oilasiga kiruvchi boshqa hayvonlar",00199008001000000,"Final code for 00199008001",2025-08-13T20:20:59.740Z
001,"TIRIK HAYVONLAR",00199,"Boshqa tirik hayvonlar",00199008,"Sutemizuvchilar",00199008002,"Tirik tuyalar (so’yish vaznida)",00199008002000000,"Final code for 00199008002",2025-08-13T20:21:00.069Z
001,"TIRIK HAYVONLAR",00199,"Boshqa tirik hayvonlar",00199008,"Sutemizuvchilar",00199008003,"Quyonlar",00199008003000000,"Final code for 00199008003",2025-08-13T20:21:00.414Z
001,"TIRIK HAYVONLAR",00199,"Boshqa tirik hayvonlar",00199008,"Sutemizuvchilar",00199008004,"Sichqonlar",00199008004000000,"Final code for 00199008004",2025-08-13T20:21:00.804Z
001,"TIRIK HAYVONLAR",00199,"Boshqa tirik hayvonlar",00199008,"Sutemizuvchilar",00199008006,"Dengiz cho’chqalari",00199008006000000,"Final code for 00199008006",2025-08-13T20:21:01.111Z
001,"TIRIK HAYVONLAR",00199,"Boshqa tirik hayvonlar",00199008,"Sutemizuvchilar",00199008007,"Xomyaklar",00199008007000000,"Final code for 00199008007",2025-08-13T20:21:01.458Z
001,"TIRIK HAYVONLAR",00199,"Boshqa tirik hayvonlar",00199008,"Sutemizuvchilar",00199008008,"Itlar",00199008008000000,"Final code for 00199008008",2025-08-13T20:21:01.878Z
001,"TIRIK HAYVONLAR",00199,"Boshqa tirik hayvonlar",00199008,"Sutemizuvchilar",00199008009,"Yenotlar",00199008009000000,"Final code for 00199008009",2025-08-13T20:21:02.196Z
001,"TIRIK HAYVONLAR",00199,"Boshqa tirik hayvonlar",00199008,"Sutemizuvchilar",00199008013,"Boshqa sut emizuvchilar",00199008013000000,"Final code for 00199008013",2025-08-13T20:21:02.535Z
002,"GO’SHT VA GO’SHTLI OZIQ-OVQAT SUBMAHSULOTLARI",00201,"Yangi, sovutilgan yoki muzlatilgan qoramol go’shti",00201001,"Yangi, sovutilgan yoki muzlatilgan lahm yirik qoramol go’shti",00201001001,"Sovutilgan lahm mol go’shti",00201001001000000,"Final code for 00201001001",2025-08-13T20:21:03.354Z
002,"GO’SHT VA GO’SHTLI OZIQ-OVQAT SUBMAHSULOTLARI",00201,"Yangi, sovutilgan yoki muzlatilgan qoramol go’shti",00201001,"Yangi, sovutilgan yoki muzlatilgan lahm yirik qoramol go’shti",00201001002,"Muzlatilgan suyaksiz go’sht (mol go’shti)",00201001002000000,"Final code for 00201001002",2025-08-13T20:21:03.871Z
002,"GO’SHT VA GO’SHTLI OZIQ-OVQAT SUBMAHSULOTLARI",00201,"Yangi, sovutilgan yoki muzlatilgan qoramol go’shti",00201001,"Yangi, sovutilgan yoki muzlatilgan lahm yirik qoramol go’shti",00201001003,"Muzlatilgan suyaksiz mol go’shti, maydalangan",00201001003000000,"Final code for 00201001003",2025-08-13T20:21:04.215Z
002,"GO’SHT VA GO’SHTLI OZIQ-OVQAT SUBMAHSULOTLARI",00201,"Yangi, sovutilgan yoki muzlatilgan qoramol go’shti",00201001,"Yangi, sovutilgan yoki muzlatilgan lahm yirik qoramol go’shti",00201001004,"Mol go’shtidan farsh",00201001004000000,"Final code for 00201001004",2025-08-13T20:21:04.543Z
002,"GO’SHT VA GO’SHTLI OZIQ-OVQAT SUBMAHSULOTLARI",00201,"Yangi, sovutilgan yoki muzlatilgan qoramol go’shti",00201002,"Yangi, sovutilgan yoki muzlatilgan qoramollarning to’liq va yarim qovurg’a suyaklari",00201002001,"Yangi, sovutilgan yirik qoramol to’liq va yarim qovurg’a go’shti (mol go’shti)",00201002001000000,"Final code for 00201002001",2025-08-13T20:21:05.156Z
002,"GO’SHT VA GO’SHTLI OZIQ-OVQAT SUBMAHSULOTLARI",00201,"Yangi, sovutilgan yoki muzlatilgan qoramol go’shti",00201002,"Yangi, sovutilgan yoki muzlatilgan qoramollarning to’liq va yarim qovurg’a suyaklari",00201002002,"Muzlatilgan yirik qoramol to’liq va yarim qovurg’a go’shti (mol go’shti)",00201002002000000,"Final code for 00201002002",2025-08-13T20:21:05.511Z
002,"GO’SHT VA GO’SHTLI OZIQ-OVQAT SUBMAHSULOTLARI",00201,"Yangi, sovutilgan yoki muzlatilgan qoramol go’shti",00201003,"Yangi, sovutilgan yoki muzlatilgan, kesib olingan lahm yirik qoramol go’shti",00201003001,"Yangi, sovutilgan suyakli mol go’shti",00201003001000000,"Final code for 00201003001",2025-08-13T20:21:06.142Z
002,"GO’SHT VA GO’SHTLI OZIQ-OVQAT SUBMAHSULOTLARI",00201,"Yangi, sovutilgan yoki muzlatilgan qoramol go’shti",00201003,"Yangi, sovutilgan yoki muzlatilgan, kesib olingan lahm yirik qoramol go’shti",00201003002,"Suyakli mol go’shti, muzlatilgan",00201003002000000,"Final code for 00201003002",2025-08-13T20:21:06.469Z
002,"GO’SHT VA GO’SHTLI OZIQ-OVQAT SUBMAHSULOTLARI",00203,"Cho’chqa go’shti, yangi so’yilgan, sovutilgan yoki muzlatilgan",00203001,"Lahm go’sht",00203001001,"Sovutilgan lahm cho’chqa go’shti",00203001001000000,"Final code for 00203001001",2025-08-13T20:21:07.125Z
002,"GO’SHT VA GO’SHTLI OZIQ-OVQAT SUBMAHSULOTLARI",00203,"Cho’chqa go’shti, yangi so’yilgan, sovutilgan yoki muzlatilgan",00203001,"Lahm go’sht",00203001002,"Cho’chqa go’shti qiymasi",00203001002000000,"Final code for 00203001002",2025-08-13T20:21:07.441Z
002,"GO’SHT VA GO’SHTLI OZIQ-OVQAT SUBMAHSULOTLARI",00203,"Cho’chqa go’shti, yangi so’yilgan, sovutilgan yoki muzlatilgan",00203001,"Lahm go’sht",00203001003,"Muzlatilgan lahm cho’chqa go’shti",00203001003000000,"Final code for 00203001003",2025-08-13T20:21:07.786Z
002,"GO’SHT VA GO’SHTLI OZIQ-OVQAT SUBMAHSULOTLARI",00203,"Cho’chqa go’shti, yangi so’yilgan, sovutilgan yoki muzlatilgan",00203002,"Yangi, sovutilgan yoki muzlatilgan lahm cho’chqa go’shti",00203002001,"Yangi, sovutilgan bo’lingan cho’chqa go’shti",00203002001000000,"Final code for 00203002001",2025-08-13T20:21:08.389Z
002,"GO’SHT VA GO’SHTLI OZIQ-OVQAT SUBMAHSULOTLARI",00203,"Cho’chqa go’shti, yangi so’yilgan, sovutilgan yoki muzlatilgan",00203002,"Yangi, sovutilgan yoki muzlatilgan lahm cho’chqa go’shti",00203002002,"Muzlatilgan bo’lingan cho’chqa go’shti",00203002002000000,"Final code for 00203002002",2025-08-13T20:21:08.735Z
002,"GO’SHT VA GO’SHTLI OZIQ-OVQAT SUBMAHSULOTLARI",00203,"Cho’chqa go’shti, yangi so’yilgan, sovutilgan yoki muzlatilgan",00203003,"Yangi, sovutilgan yoki muzlatilgan qovurg’a yoki yarim qovurg’a suyaklari",00203003001,"Muzlatilgan qovurg’a yoki yarim qovurg’a suyaklari cho’chqa go’shti",00203003001000000,"Final code for 00203003001",2025-08-13T20:21:09.212Z
002,"GO’SHT VA GO’SHTLI OZIQ-OVQAT SUBMAHSULOTLARI",00203,"Cho’chqa go’shti, yangi so’yilgan, sovutilgan yoki muzlatilgan",00203003,"Yangi, sovutilgan yoki muzlatilgan qovurg’a yoki yarim qovurg’a suyaklari",00203003002,"Yangi so’yilgan qovurg’a yoki yarim qovurg’a, sovutilgan cho’chqa go’shti",00203003002000000,"Final code for 00203003002",2025-08-13T20:21:09.529Z
002,"GO’SHT VA GO’SHTLI OZIQ-OVQAT SUBMAHSULOTLARI",00204,"Qo’y yoki echki go’shti yangi so’yilgan, sovutilgan yoki muzlatilgan",00204001,"Yangi, sovutilgan yoki muzlatilgan lahm qo’y go’shti",00204001001,"Bo’lingan yangi, sovutilgan lahm qo’y go’shti",00204001001000000,"Final code for 00204001001",2025-08-13T20:21:10.183Z
002,"GO’SHT VA GO’SHTLI OZIQ-OVQAT SUBMAHSULOTLARI",00204,"Qo’y yoki echki go’shti yangi so’yilgan, sovutilgan yoki muzlatilgan",00204001,"Yangi, sovutilgan yoki muzlatilgan lahm qo’y go’shti",00204001005,"Bo’lingan muzlatilgan lahm qo’y go’shti",00204001005000000,"Final code for 00204001005",2025-08-13T20:21:10.523Z
002,"GO’SHT VA GO’SHTLI OZIQ-OVQAT SUBMAHSULOTLARI",00204,"Qo’y yoki echki go’shti yangi so’yilgan, sovutilgan yoki muzlatilgan",00204002,"Lahm qo’y go’shti",00204002001,"Sovutilgan, yangi so’yilgan lahm qo’y go’shti",00204002001000000,"Final code for 00204002001",2025-08-13T20:21:10.974Z
002,"GO’SHT VA GO’SHTLI OZIQ-OVQAT SUBMAHSULOTLARI",00204,"Qo’y yoki echki go’shti yangi so’yilgan, sovutilgan yoki muzlatilgan",00204002,"Lahm qo’y go’shti",00204002002,"Muzlatilgan qo’y go’shti",00204002002000000,"Final code for 00204002002",2025-08-13T20:21:11.351Z
002,"GO’SHT VA GO’SHTLI OZIQ-OVQAT SUBMAHSULOTLARI",00204,"Qo’y yoki echki go’shti yangi so’yilgan, sovutilgan yoki muzlatilgan",00204002,"Lahm qo’y go’shti",00204002003,"Qo’y go’shti qiymasi",00204002003000000,"Final code for 00204002003",2025-08-13T20:21:11.676Z
002,"GO’SHT VA GO’SHTLI OZIQ-OVQAT SUBMAHSULOTLARI",00204,"Qo’y yoki echki go’shti yangi so’yilgan, sovutilgan yoki muzlatilgan",00204003,"Yangi, sovutilgan yoki muzlatilgan qo’y qovurg’asi yoki yarim qovurg’a suyaklari",00204003001,"Yangi so’yilgan, sovutilgan qo’y qovurg’asi yoki yarim qovurg’a go’shti",00204003001000000,"Final code for 00204003001",2025-08-13T20:21:12.165Z
002,"GO’SHT VA GO’SHTLI OZIQ-OVQAT SUBMAHSULOTLARI",00204,"Qo’y yoki echki go’shti yangi so’yilgan, sovutilgan yoki muzlatilgan",00204003,"Yangi, sovutilgan yoki muzlatilgan qo’y qovurg’asi yoki yarim qovurg’a suyaklari",00204003002,"Muzlatilgan qo’y qovurg’asi yoki yarim qovurg’a suyaklari",00204003002000000,"Final code for 00204003002",2025-08-13T20:21:12.499Z
002,"GO’SHT VA GO’SHTLI OZIQ-OVQAT SUBMAHSULOTLARI",00204,"Qo’y yoki echki go’shti yangi so’yilgan, sovutilgan yoki muzlatilgan",00204004,"Bo’lingan yangi, sovutilgan yoki muzlatilgan lahm echki go’shti",00204004001,"Bo’lingan yangi, sovutilgan echki go’shti",00204004001000000,"Final code for 00204004001",2025-08-13T20:21:12.981Z
002,"GO’SHT VA GO’SHTLI OZIQ-OVQAT SUBMAHSULOTLARI",00204,"Qo’y yoki echki go’shti yangi so’yilgan, sovutilgan yoki muzlatilgan",00204004,"Bo’lingan yangi, sovutilgan yoki muzlatilgan lahm echki go’shti",00204004002,"Bo’lingan muzlatilgan echki go’shti",00204004002000000,"Final code for 00204004002",2025-08-13T20:21:13.399Z
002,"GO’SHT VA GO’SHTLI OZIQ-OVQAT SUBMAHSULOTLARI",00204,"Qo’y yoki echki go’shti yangi so’yilgan, sovutilgan yoki muzlatilgan",00204005,"Lahm echki go’shti",00204005001,"Yangi, sovutilgan echki go’shti",00204005001000000,"Final code for 00204005001",2025-08-13T20:21:13.966Z
002,"GO’SHT VA GO’SHTLI OZIQ-OVQAT SUBMAHSULOTLARI",00204,"Qo’y yoki echki go’shti yangi so’yilgan, sovutilgan yoki muzlatilgan",00204005,"Lahm echki go’shti",00204005002,"Muzlatilgan echki go’shti",00204005002000000,"Final code for 00204005002",2025-08-13T20:21:14.355Z
002,"GO’SHT VA GO’SHTLI OZIQ-OVQAT SUBMAHSULOTLARI",00204,"Qo’y yoki echki go’shti yangi so’yilgan, sovutilgan yoki muzlatilgan",00204005,"Lahm echki go’shti",00204005003,"Echki go’shti qiymasi",00204005003000000,"Final code for 00204005003",2025-08-13T20:21:14.680Z
002,"GO’SHT VA GO’SHTLI OZIQ-OVQAT SUBMAHSULOTLARI",00204,"Qo’y yoki echki go’shti yangi so’yilgan, sovutilgan yoki muzlatilgan",00204006,"Yangi, sovutilgan yoki muzlatilgan echki qovurg’asi yoki yarim qovurg’a suyaklari",00204006001,"Yangi so’yilgan, sovutilgan echki qovurg’asi yoki yarim qovurg’a suyaklari",00204006001000000,"Final code for 00204006001",2025-08-13T20:21:15.250Z
002,"GO’SHT VA GO’SHTLI OZIQ-OVQAT SUBMAHSULOTLARI",00204,"Qo’y yoki echki go’shti yangi so’yilgan, sovutilgan yoki muzlatilgan",00204006,"Yangi, sovutilgan yoki muzlatilgan echki qovurg’asi yoki yarim qovurg’a suyaklari",00204006002,"Muzlatilgan echki qovurg’asi yoki yarim qovurg’a suyaklari",00204006002000000,"Final code for 00204006002",2025-08-13T20:21:15.566Z
002,"GO’SHT VA GO’SHTLI OZIQ-OVQAT SUBMAHSULOTLARI",00205,"Otlar, eshaklar, yoki xachirlar go’shti yangi so’yilgan, sovutilgan yoki muzlatilgan",00205001,"Bo’lingan, sovutilgan yoki muzlatilgan lahm ot go’shti",00205001001,"Yangi, sovutilgan ot go’shti",00205001001000000,"Final code for 00205001001",2025-08-13T20:21:16.319Z
002,"GO’SHT VA GO’SHTLI OZIQ-OVQAT SUBMAHSULOTLARI",00205,"Otlar, eshaklar, yoki xachirlar go’shti yangi so’yilgan, sovutilgan yoki muzlatilgan",00205001,"Bo’lingan, sovutilgan yoki muzlatilgan lahm ot go’shti",00205001005,"Muzlatilgan ot go’shti",00205001005000000,"Final code for 00205001005",2025-08-13T20:21:16.634Z
002,"GO’SHT VA GO’SHTLI OZIQ-OVQAT SUBMAHSULOTLARI",00205,"Otlar, eshaklar, yoki xachirlar go’shti yangi so’yilgan, sovutilgan yoki muzlatilgan",00205002,"Lahm ot go’shti",00205002001,"Yangi so’yilgan, sovutilgan lahm ot go’shti",00205002001000000,"Final code for 00205002001",2025-08-13T20:21:17.111Z
002,"GO’SHT VA GO’SHTLI OZIQ-OVQAT SUBMAHSULOTLARI",00205,"Otlar, eshaklar, yoki xachirlar go’shti yangi so’yilgan, sovutilgan yoki muzlatilgan",00205002,"Lahm ot go’shti",00205002002,"Muzlatilgan lahm ot go’shti",00205002002000000,"Final code for 00205002002",2025-08-13T20:21:17.541Z
002,"GO’SHT VA GO’SHTLI OZIQ-OVQAT SUBMAHSULOTLARI",00205,"Otlar, eshaklar, yoki xachirlar go’shti yangi so’yilgan, sovutilgan yoki muzlatilgan",00205002,"Lahm ot go’shti",00205002003,"Ot go’shtidan qiyma",00205002003000000,"Final code for 00205002003",2025-08-13T20:21:17.872Z
002,"GO’SHT VA GO’SHTLI OZIQ-OVQAT SUBMAHSULOTLARI",00205,"Otlar, eshaklar, yoki xachirlar go’shti yangi so’yilgan, sovutilgan yoki muzlatilgan",00205003,"Yangi, sovutilgan yoki muzlatilgan ot qovurg’asi yoki yarim qovurg’asi",00205003001,"Yangi so’yilgan, sovutilgan ot qovurg’asi yoki yarim qovurg’asi",00205003001000000,"Final code for 00205003001",2025-08-13T20:21:18.333Z
002,"GO’SHT VA GO’SHTLI OZIQ-OVQAT SUBMAHSULOTLARI",00205,"Otlar, eshaklar, yoki xachirlar go’shti yangi so’yilgan, sovutilgan yoki muzlatilgan",00205003,"Yangi, sovutilgan yoki muzlatilgan ot qovurg’asi yoki yarim qovurg’asi",00205003002,"Muzlatilgan ot qovurg’asi yoki yarim qovurg’asi",00205003002000000,"Final code for 00205003002",2025-08-13T20:21:18.632Z
002,"GO’SHT VA GO’SHTLI OZIQ-OVQAT SUBMAHSULOTLARI",00205,"Otlar, eshaklar, yoki xachirlar go’shti yangi so’yilgan, sovutilgan yoki muzlatilgan",00205004,"Ot, eshak va xachirlarning bo’lingan yangi, sovutilgan yoki muzlatilgan, suyakdan ajratilmagan",00205004001,"Bo’lingan yangi ot, eshak, xachir go’shti",00205004001000000,"Final code for 00205004001",2025-08-13T20:21:19.096Z
002,"GO’SHT VA GO’SHTLI OZIQ-OVQAT SUBMAHSULOTLARI",00205,"Otlar, eshaklar, yoki xachirlar go’shti yangi so’yilgan, sovutilgan yoki muzlatilgan",00205004,"Ot, eshak va xachirlarning bo’lingan yangi, sovutilgan yoki muzlatilgan, suyakdan ajratilmagan",00205004002,"Bo’lingan, muzlatilgan eshak, xachir go’shti",00205004002000000,"Final code for 00205004002",2025-08-13T20:21:19.410Z
002,"GO’SHT VA GO’SHTLI OZIQ-OVQAT SUBMAHSULOTLARI",00205,"Otlar, eshaklar, yoki xachirlar go’shti yangi so’yilgan, sovutilgan yoki muzlatilgan",00205005,"Ot, eshak yoki xachirning suyakdan ajratilgan go’sht",00205005001,"Yangi so’yilgan, sovutilgan, eshak, xachir suyaksiz go’shti",00205005001000000,"Final code for 00205005001",2025-08-13T20:21:19.877Z
002,"GO’SHT VA GO’SHTLI OZIQ-OVQAT SUBMAHSULOTLARI",00205,"Otlar, eshaklar, yoki xachirlar go’shti yangi so’yilgan, sovutilgan yoki muzlatilgan",00205005,"Ot, eshak yoki xachirning suyakdan ajratilgan go’sht",00205005002,"Muzlatilgan eshak, xachir go’shti",00205005002000000,"Final code for 00205005002",2025-08-13T20:21:20.190Z
002,"GO’SHT VA GO’SHTLI OZIQ-OVQAT SUBMAHSULOTLARI",00205,"Otlar, eshaklar, yoki xachirlar go’shti yangi so’yilgan, sovutilgan yoki muzlatilgan",00205006,"Eshaklar yoki xachirlarning tana va yarim tana go’shtlari",00205006001,"Yangi so’yilgan, eshak, xachir qovurg’a yoki yarim qovurg’asi",00205006001000000,"Final code for 00205006001",2025-08-13T20:21:20.655Z
002,"GO’SHT VA GO’SHTLI OZIQ-OVQAT SUBMAHSULOTLARI",00205,"Otlar, eshaklar, yoki xachirlar go’shti yangi so’yilgan, sovutilgan yoki muzlatilgan",00205006,"Eshaklar yoki xachirlarning tana va yarim tana go’shtlari",00205006002,"Muzlatilgan ot, eshak, xachir qovurg’asi yoki yarim qovurg’a suyaklari",00205006002000000,"Final code for 00205006002",2025-08-13T20:21:20.976Z
002,"GO’SHT VA GO’SHTLI OZIQ-OVQAT SUBMAHSULOTLARI",00206,"Yirik shoxli qoramol, cho’chqa, qo’y, echki, ot, eshak, xachirlarning ozuqabop mahsulotlari (yangi so’yilgan, sovutilgan yoki muzlatilgan)",00206001,"Yangi, sovutilgan yoki muzlatilgan qoramollar, cho’chqalar, qo’ylar, echkilar, otlar, eshaklar, xachirlar va ularning ichak-chovoqlari",00206001001,"Til",00206001001000000,"Final code for 00206001001",2025-08-13T20:21:21.571Z
002,"GO’SHT VA GO’SHTLI OZIQ-OVQAT SUBMAHSULOTLARI",00206,"Yirik shoxli qoramol, cho’chqa, qo’y, echki, ot, eshak, xachirlarning ozuqabop mahsulotlari (yangi so’yilgan, sovutilgan yoki muzlatilgan)",00206001,"Yangi, sovutilgan yoki muzlatilgan qoramollar, cho’chqalar, qo’ylar, echkilar, otlar, eshaklar, xachirlar va ularning ichak-chovoqlari",00206001002,"Jigar",00206001002000000,"Final code for 00206001002",2025-08-13T20:21:21.878Z
002,"GO’SHT VA GO’SHTLI OZIQ-OVQAT SUBMAHSULOTLARI",00206,"Yirik shoxli qoramol, cho’chqa, qo’y, echki, ot, eshak, xachirlarning ozuqabop mahsulotlari (yangi so’yilgan, sovutilgan yoki muzlatilgan)",00206001,"Yangi, sovutilgan yoki muzlatilgan qoramollar, cho’chqalar, qo’ylar, echkilar, otlar, eshaklar, xachirlar va ularning ichak-chovoqlari",00206001003,"O’pka
",00206001003000000,"Final code for 00206001003",2025-08-13T20:21:22.197Z
002,"GO’SHT VA GO’SHTLI OZIQ-OVQAT SUBMAHSULOTLARI",00206,"Yirik shoxli qoramol, cho’chqa, qo’y, echki, ot, eshak, xachirlarning ozuqabop mahsulotlari (yangi so’yilgan, sovutilgan yoki muzlatilgan)",00206001,"Yangi, sovutilgan yoki muzlatilgan qoramollar, cho’chqalar, qo’ylar, echkilar, otlar, eshaklar, xachirlar va ularning ichak-chovoqlari",00206001004,"Dum",00206001004000000,"Final code for 00206001004",2025-08-13T20:21:22.508Z
002,"GO’SHT VA GO’SHTLI OZIQ-OVQAT SUBMAHSULOTLARI",00206,"Yirik shoxli qoramol, cho’chqa, qo’y, echki, ot, eshak, xachirlarning ozuqabop mahsulotlari (yangi so’yilgan, sovutilgan yoki muzlatilgan)",00206001,"Yangi, sovutilgan yoki muzlatilgan qoramollar, cho’chqalar, qo’ylar, echkilar, otlar, eshaklar, xachirlar va ularning ichak-chovoqlari",00206001005,"Boldir",00206001005000000,"Final code for 00206001005",2025-08-13T20:21:22.823Z
002,"GO’SHT VA GO’SHTLI OZIQ-OVQAT SUBMAHSULOTLARI",00206,"Yirik shoxli qoramol, cho’chqa, qo’y, echki, ot, eshak, xachirlarning ozuqabop mahsulotlari (yangi so’yilgan, sovutilgan yoki muzlatilgan)",00206001,"Yangi, sovutilgan yoki muzlatilgan qoramollar, cho’chqalar, qo’ylar, echkilar, otlar, eshaklar, xachirlar va ularning ichak-chovoqlari",00206001006,"Yurak",00206001006000000,"Final code for 00206001006",2025-08-13T20:21:23.144Z
002,"GO’SHT VA GO’SHTLI OZIQ-OVQAT SUBMAHSULOTLARI",00206,"Yirik shoxli qoramol, cho’chqa, qo’y, echki, ot, eshak, xachirlarning ozuqabop mahsulotlari (yangi so’yilgan, sovutilgan yoki muzlatilgan)",00206001,"Yangi, sovutilgan yoki muzlatilgan qoramollar, cho’chqalar, qo’ylar, echkilar, otlar, eshaklar, xachirlar va ularning ichak-chovoqlari",00206001007,"Dum (muzlatilgan)",00206001007000000,"Final code for 00206001007",2025-08-13T20:21:23.454Z
002,"GO’SHT VA GO’SHTLI OZIQ-OVQAT SUBMAHSULOTLARI",00206,"Yirik shoxli qoramol, cho’chqa, qo’y, echki, ot, eshak, xachirlarning ozuqabop mahsulotlari (yangi so’yilgan, sovutilgan yoki muzlatilgan)",00206001,"Yangi, sovutilgan yoki muzlatilgan qoramollar, cho’chqalar, qo’ylar, echkilar, otlar, eshaklar, xachirlar va ularning ichak-chovoqlari",00206001008,"Til (muzlatilgan)",00206001008000000,"Final code for 00206001008",2025-08-13T20:21:23.888Z
002,"GO’SHT VA GO’SHTLI OZIQ-OVQAT SUBMAHSULOTLARI",00206,"Yirik shoxli qoramol, cho’chqa, qo’y, echki, ot, eshak, xachirlarning ozuqabop mahsulotlari (yangi so’yilgan, sovutilgan yoki muzlatilgan)",00206001,"Yangi, sovutilgan yoki muzlatilgan qoramollar, cho’chqalar, qo’ylar, echkilar, otlar, eshaklar, xachirlar va ularning ichak-chovoqlari",00206001009,"Tabiiy yog’",00206001009000000,"Final code for 00206001009",2025-08-13T20:21:24.314Z
002,"GO’SHT VA GO’SHTLI OZIQ-OVQAT SUBMAHSULOTLARI",00206,"Yirik shoxli qoramol, cho’chqa, qo’y, echki, ot, eshak, xachirlarning ozuqabop mahsulotlari (yangi so’yilgan, sovutilgan yoki muzlatilgan)",00206001,"Yangi, sovutilgan yoki muzlatilgan qoramollar, cho’chqalar, qo’ylar, echkilar, otlar, eshaklar, xachirlar va ularning ichak-chovoqlari",00206001010,"Yurak (muzlatilgan)",00206001010000000,"Final code for 00206001010",2025-08-13T20:21:24.637Z
002,"GO’SHT VA GO’SHTLI OZIQ-OVQAT SUBMAHSULOTLARI",00206,"Yirik shoxli qoramol, cho’chqa, qo’y, echki, ot, eshak, xachirlarning ozuqabop mahsulotlari (yangi so’yilgan, sovutilgan yoki muzlatilgan)",00206001,"Yangi, sovutilgan yoki muzlatilgan qoramollar, cho’chqalar, qo’ylar, echkilar, otlar, eshaklar, xachirlar va ularning ichak-chovoqlari",00206001012,"Qoramol suyagi",00206001012000000,"Final code for 00206001012",2025-08-13T20:21:24.943Z
002,"GO’SHT VA GO’SHTLI OZIQ-OVQAT SUBMAHSULOTLARI",00206,"Yirik shoxli qoramol, cho’chqa, qo’y, echki, ot, eshak, xachirlarning ozuqabop mahsulotlari (yangi so’yilgan, sovutilgan yoki muzlatilgan)",00206001,"Yangi, sovutilgan yoki muzlatilgan qoramollar, cho’chqalar, qo’ylar, echkilar, otlar, eshaklar, xachirlar va ularning ichak-chovoqlari",00206001013,"Ot suyagi",00206001013000000,"Final code for 00206001013",2025-08-13T20:21:25.254Z
002,"GO’SHT VA GO’SHTLI OZIQ-OVQAT SUBMAHSULOTLARI",00206,"Yirik shoxli qoramol, cho’chqa, qo’y, echki, ot, eshak, xachirlarning ozuqabop mahsulotlari (yangi so’yilgan, sovutilgan yoki muzlatilgan)",00206001,"Yangi, sovutilgan yoki muzlatilgan qoramollar, cho’chqalar, qo’ylar, echkilar, otlar, eshaklar, xachirlar va ularning ichak-chovoqlari",00206001014,"Cho’chqa terisi va suyagi",00206001014000000,"Final code for 00206001014",2025-08-13T20:21:25.569Z
002,"GO’SHT VA GO’SHTLI OZIQ-OVQAT SUBMAHSULOTLARI",00206,"Yirik shoxli qoramol, cho’chqa, qo’y, echki, ot, eshak, xachirlarning ozuqabop mahsulotlari (yangi so’yilgan, sovutilgan yoki muzlatilgan)",00206001,"Yangi, sovutilgan yoki muzlatilgan qoramollar, cho’chqalar, qo’ylar, echkilar, otlar, eshaklar, xachirlar va ularning ichak-chovoqlari",00206001015,"Qo’y suyagi",00206001015000000,"Final code for 00206001015",2025-08-13T20:21:25.882Z
002,"GO’SHT VA GO’SHTLI OZIQ-OVQAT SUBMAHSULOTLARI",00207,"Yangi, sovutilgan yoki muzlatilgan parranda go’shti va ularning ichak-chovoqlari",00207001,"Yangi, sovutilgan yoki muzlatilgan tovuq go’shti va ularning ichak-chovoqlari",00207001001,"Yangi so’yilgan sovutilgan tovuq go’shti (tovuq)",00207001001000000,"Final code for 00207001001",2025-08-13T20:21:26.457Z
002,"GO’SHT VA GO’SHTLI OZIQ-OVQAT SUBMAHSULOTLARI",00207,"Yangi, sovutilgan yoki muzlatilgan parranda go’shti va ularning ichak-chovoqlari",00207001,"Yangi, sovutilgan yoki muzlatilgan tovuq go’shti va ularning ichak-chovoqlari",00207001008,"Tovuq ko’krak go’shti",00207001008000000,"Final code for 00207001008",2025-08-13T20:21:26.877Z
002,"GO’SHT VA GO’SHTLI OZIQ-OVQAT SUBMAHSULOTLARI",00207,"Yangi, sovutilgan yoki muzlatilgan parranda go’shti va ularning ichak-chovoqlari",00207001,"Yangi, sovutilgan yoki muzlatilgan tovuq go’shti va ularning ichak-chovoqlari",00207001009,"Muzlatilgan tovuq go’shti",00207001009000000,"Final code for 00207001009",2025-08-13T20:21:27.192Z
002,"GO’SHT VA GO’SHTLI OZIQ-OVQAT SUBMAHSULOTLARI",00207,"Yangi, sovutilgan yoki muzlatilgan parranda go’shti va ularning ichak-chovoqlari",00207001,"Yangi, sovutilgan yoki muzlatilgan tovuq go’shti va ularning ichak-chovoqlari",00207001010,"Muzlatilgan tovuq oyog’i",00207001010000000,"Final code for 00207001010",2025-08-13T20:21:27.505Z
002,"GO’SHT VA GO’SHTLI OZIQ-OVQAT SUBMAHSULOTLARI",00207,"Yangi, sovutilgan yoki muzlatilgan parranda go’shti va ularning ichak-chovoqlari",00207001,"Yangi, sovutilgan yoki muzlatilgan tovuq go’shti va ularning ichak-chovoqlari",00207001011,"Muzlatilgan tovuq go’shti (qiyma)",00207001011000000,"Final code for 00207001011",2025-08-13T20:21:27.808Z
002,"GO’SHT VA GO’SHTLI OZIQ-OVQAT SUBMAHSULOTLARI",00207,"Yangi, sovutilgan yoki muzlatilgan parranda go’shti va ularning ichak-chovoqlari",00207001,"Yangi, sovutilgan yoki muzlatilgan tovuq go’shti va ularning ichak-chovoqlari",00207001012,"Muzlatilgan tovuq go’shti (terisi)",00207001012000000,"Final code for 00207001012",2025-08-13T20:21:28.127Z
002,"GO’SHT VA GO’SHTLI OZIQ-OVQAT SUBMAHSULOTLARI",00207,"Yangi, sovutilgan yoki muzlatilgan parranda go’shti va ularning ichak-chovoqlari",00207002,"Yangi, sovutilgan yoki muzlatilgan o’rdaklarning go’shti",00207002003,"Sovutilgan o’rdak go’shti",00207002003000000,"Final code for 00207002003",2025-08-13T20:21:28.598Z
002,"GO’SHT VA GO’SHTLI OZIQ-OVQAT SUBMAHSULOTLARI",00207,"Yangi, sovutilgan yoki muzlatilgan parranda go’shti va ularning ichak-chovoqlari",00207002,"Yangi, sovutilgan yoki muzlatilgan o’rdaklarning go’shti",00207002008,"Muzlatilgan o’rdak go’shti",00207002008000000,"Final code for 00207002008",2025-08-13T20:21:28.917Z
002,"GO’SHT VA GO’SHTLI OZIQ-OVQAT SUBMAHSULOTLARI",00207,"Yangi, sovutilgan yoki muzlatilgan parranda go’shti va ularning ichak-chovoqlari",00207002,"Yangi, sovutilgan yoki muzlatilgan o’rdaklarning go’shti",00207002009,"Muzlatilggan o’rdak go’shti (qiyma)",00207002009000000,"Final code for 00207002009",2025-08-13T20:21:29.231Z
002,"GO’SHT VA GO’SHTLI OZIQ-OVQAT SUBMAHSULOTLARI",00207,"Yangi, sovutilgan yoki muzlatilgan parranda go’shti va ularning ichak-chovoqlari",00207003,"Yangi, sovutilgan yoki muzlatilgan g’ozlarning go’shti",00207003001,"Sovutilgan g’oz go’shti",00207003001000000,"Final code for 00207003001",2025-08-13T20:21:29.682Z
002,"GO’SHT VA GO’SHTLI OZIQ-OVQAT SUBMAHSULOTLARI",00207,"Yangi, sovutilgan yoki muzlatilgan parranda go’shti va ularning ichak-chovoqlari",00207003,"Yangi, sovutilgan yoki muzlatilgan g’ozlarning go’shti",00207003002,"Muzlatilgan g’oz go’shti",00207003002000000,"Final code for 00207003002",2025-08-13T20:21:29.994Z
002,"GO’SHT VA GO’SHTLI OZIQ-OVQAT SUBMAHSULOTLARI",00207,"Yangi, sovutilgan yoki muzlatilgan parranda go’shti va ularning ichak-chovoqlari",00207003,"Yangi, sovutilgan yoki muzlatilgan g’ozlarning go’shti",00207003003,"Muzlatigan g’oz go’shti (qiyma)",00207003003000000,"Final code for 00207003003",2025-08-13T20:21:30.303Z
002,"GO’SHT VA GO’SHTLI OZIQ-OVQAT SUBMAHSULOTLARI",00207,"Yangi, sovutilgan yoki muzlatilgan parranda go’shti va ularning ichak-chovoqlari",00207004,"Yangi, sovutilgan yoki muzlatilgan kurkalarning go’shti",00207004003,"Sovutilgan kurka go’shti",00207004003000000,"Final code for 00207004003",2025-08-13T20:21:30.758Z
002,"GO’SHT VA GO’SHTLI OZIQ-OVQAT SUBMAHSULOTLARI",00207,"Yangi, sovutilgan yoki muzlatilgan parranda go’shti va ularning ichak-chovoqlari",00207004,"Yangi, sovutilgan yoki muzlatilgan kurkalarning go’shti",00207004004,"Muzlatilgan kurka go’shti",00207004004000000,"Final code for 00207004004",2025-08-13T20:21:31.065Z
002,"GO’SHT VA GO’SHTLI OZIQ-OVQAT SUBMAHSULOTLARI",00207,"Yangi, sovutilgan yoki muzlatilgan parranda go’shti va ularning ichak-chovoqlari",00207004,"Yangi, sovutilgan yoki muzlatilgan kurkalarning go’shti",00207004005,"Muzlatilgan kurka go’shti (qiyma)",00207004005000000,"Final code for 00207004005",2025-08-13T20:21:31.386Z
002,"GO’SHT VA GO’SHTLI OZIQ-OVQAT SUBMAHSULOTLARI",00207,"Yangi, sovutilgan yoki muzlatilgan parranda go’shti va ularning ichak-chovoqlari",00207005,"Yangi, sovutilgan yoki muzlatilgan bedana go’shti",00207005001,"Yangi, sovutilgan yoki muzlatilgan bedana go’shti",00207005001000000,"Final code for 00207005001",2025-08-13T20:21:31.841Z
002,"GO’SHT VA GO’SHTLI OZIQ-OVQAT SUBMAHSULOTLARI",00207,"Yangi, sovutilgan yoki muzlatilgan parranda go’shti va ularning ichak-chovoqlari",00207006,"Yangi, sovutilgan yoki muzlatilgan parrandaning boshqa ozuqabop mahsulotlari",00207006001,"Muzlatilgan tovuq oyoqchalari",00207006001000000,"Final code for 00207006001",2025-08-13T20:21:32.300Z
002,"GO’SHT VA GO’SHTLI OZIQ-OVQAT SUBMAHSULOTLARI",00207,"Yangi, sovutilgan yoki muzlatilgan parranda go’shti va ularning ichak-chovoqlari",00207006,"Yangi, sovutilgan yoki muzlatilgan parrandaning boshqa ozuqabop mahsulotlari",00207006002,"Tovuq oshqozoni",00207006002000000,"Final code for 00207006002",2025-08-13T20:21:32.618Z
002,"GO’SHT VA GO’SHTLI OZIQ-OVQAT SUBMAHSULOTLARI",00207,"Yangi, sovutilgan yoki muzlatilgan parranda go’shti va ularning ichak-chovoqlari",00207006,"Yangi, sovutilgan yoki muzlatilgan parrandaning boshqa ozuqabop mahsulotlari",00207006003,"Tovuq jigari",00207006003000000,"Final code for 00207006003",2025-08-13T20:21:32.928Z
002,"GO’SHT VA GO’SHTLI OZIQ-OVQAT SUBMAHSULOTLARI",00207,"Yangi, sovutilgan yoki muzlatilgan parranda go’shti va ularning ichak-chovoqlari",00207006,"Yangi, sovutilgan yoki muzlatilgan parrandaning boshqa ozuqabop mahsulotlari",00207006004,"Tovuq suyagi",00207006004000000,"Final code for 00207006004",2025-08-13T20:21:33.239Z
002,"GO’SHT VA GO’SHTLI OZIQ-OVQAT SUBMAHSULOTLARI",00207,"Yangi, sovutilgan yoki muzlatilgan parranda go’shti va ularning ichak-chovoqlari",00207006,"Yangi, sovutilgan yoki muzlatilgan parrandaning boshqa ozuqabop mahsulotlari",00207006005,"Parrandalarning boshqa ozuqabop mahsulotlari",00207006005000000,"Final code for 00207006005",2025-08-13T20:21:33.550Z
002,"GO’SHT VA GO’SHTLI OZIQ-OVQAT SUBMAHSULOTLARI",00208,"Boshqa go’sht va ozuqabop mahsulotlar yangi so’yilgan, sovutilgan yoki muzlatilgan",00208001,"Yangi so’yilgan, sovutilgan yoki muzlatilgan boshqa go’sht va go’shtli oziq-ovqat submahsulotlari",00208001001,"Yangi so’yilgan quyon go’shti",00208001001000000,"Final code for 00208001001",2025-08-13T20:21:34.273Z
002,"GO’SHT VA GO’SHTLI OZIQ-OVQAT SUBMAHSULOTLARI",00208,"Boshqa go’sht va ozuqabop mahsulotlar yangi so’yilgan, sovutilgan yoki muzlatilgan",00208001,"Yangi so’yilgan, sovutilgan yoki muzlatilgan boshqa go’sht va go’shtli oziq-ovqat submahsulotlari",00208001002,"Yangi so’yilgan tuya go’shti",00208001002000000,"Final code for 00208001002",2025-08-13T20:21:34.697Z
002,"GO’SHT VA GO’SHTLI OZIQ-OVQAT SUBMAHSULOTLARI",00209,"Cho’chqa yog’i, yangi, sovutilgan, muzlatilgan, tuzlangan, sho’r suvda, quritilgan yoki dudlangan",00209001,"Yangi cho’chqa yog’i, sovutilgan, muzlatilgan, tuzlangan, sho’r suvda, quritilgan yoki dudlangan cho’chqa yog’lari",00209001001,"Dudlangan cho’chqa yog’i",00209001001000000,"Final code for 00209001001",2025-08-13T20:21:35.305Z
002,"GO’SHT VA GO’SHTLI OZIQ-OVQAT SUBMAHSULOTLARI",00209,"Cho’chqa yog’i, yangi, sovutilgan, muzlatilgan, tuzlangan, sho’r suvda, quritilgan yoki dudlangan",00209001,"Yangi cho’chqa yog’i, sovutilgan, muzlatilgan, tuzlangan, sho’r suvda, quritilgan yoki dudlangan cho’chqa yog’lari",00209001002,"Muzlatilgan cho’chqa yog’i",00209001002000000,"Final code for 00209001002",2025-08-13T20:21:35.616Z
002,"GO’SHT VA GO’SHTLI OZIQ-OVQAT SUBMAHSULOTLARI",00209,"Cho’chqa yog’i, yangi, sovutilgan, muzlatilgan, tuzlangan, sho’r suvda, quritilgan yoki dudlangan",00209001,"Yangi cho’chqa yog’i, sovutilgan, muzlatilgan, tuzlangan, sho’r suvda, quritilgan yoki dudlangan cho’chqa yog’lari",00209001003,"Sovutilgan, yangi so’yilgan cho’chqa yog’i",00209001003000000,"Final code for 00209001003",2025-08-13T20:21:35.928Z
002,"GO’SHT VA GO’SHTLI OZIQ-OVQAT SUBMAHSULOTLARI",00210,"Go’sht va ichak-chovoqlar, tuzlangan, namokoblangan, quritilgan yoki dudlangan",00210001,"Qoramol go’shti va ularning ichak-chovoqlari: tuzlangan, quritilgan, dudlangan",00210001001,"Tuzlangan mol go’shti",00210001001000000,"Final code for 00210001001",2025-08-13T20:21:36.640Z
002,"GO’SHT VA GO’SHTLI OZIQ-OVQAT SUBMAHSULOTLARI",00210,"Go’sht va ichak-chovoqlar, tuzlangan, namokoblangan, quritilgan yoki dudlangan",00210001,"Qoramol go’shti va ularning ichak-chovoqlari: tuzlangan, quritilgan, dudlangan",00210001008,"Quritilgan mol go’shti va uning ozuqabop mahsulotlari",00210001008000000,"Final code for 00210001008",2025-08-13T20:21:36.954Z
002,"GO’SHT VA GO’SHTLI OZIQ-OVQAT SUBMAHSULOTLARI",00210,"Go’sht va ichak-chovoqlar, tuzlangan, namokoblangan, quritilgan yoki dudlangan",00210001,"Qoramol go’shti va ularning ichak-chovoqlari: tuzlangan, quritilgan, dudlangan",00210001009,"Dudlangan mol go’shti va uning ozuqabop mahsulotlari",00210001009000000,"Final code for 00210001009",2025-08-13T20:21:37.269Z
002,"GO’SHT VA GO’SHTLI OZIQ-OVQAT SUBMAHSULOTLARI",00210,"Go’sht va ichak-chovoqlar, tuzlangan, namokoblangan, quritilgan yoki dudlangan",00210004,"Cho’chqa go’shti va boshqa ozuqabop mahsulotlari: tuzlangan, quritilgan, dudlangan",00210004001,"Tuzlangan cho’chqa go’shti",00210004001000000,"Final code for 00210004001",2025-08-13T20:21:37.721Z
002,"GO’SHT VA GO’SHTLI OZIQ-OVQAT SUBMAHSULOTLARI",00210,"Go’sht va ichak-chovoqlar, tuzlangan, namokoblangan, quritilgan yoki dudlangan",00210004,"Cho’chqa go’shti va boshqa ozuqabop mahsulotlari: tuzlangan, quritilgan, dudlangan",00210004002,"Quritilgan cho’chqa go’shti va uning ozuqabop mahsulotlari",00210004002000000,"Final code for 00210004002",2025-08-13T20:21:38.029Z
002,"GO’SHT VA GO’SHTLI OZIQ-OVQAT SUBMAHSULOTLARI",00210,"Go’sht va ichak-chovoqlar, tuzlangan, namokoblangan, quritilgan yoki dudlangan",00210004,"Cho’chqa go’shti va boshqa ozuqabop mahsulotlari: tuzlangan, quritilgan, dudlangan",00210004003,"Dudlangan cho’chqa go’shti va uning ozuqabop mahsulotlari",00210004003000000,"Final code for 00210004003",2025-08-13T20:21:38.347Z
002,"GO’SHT VA GO’SHTLI OZIQ-OVQAT SUBMAHSULOTLARI",00210,"Go’sht va ichak-chovoqlar, tuzlangan, namokoblangan, quritilgan yoki dudlangan",00210005,"Qo’y go’shti (echki) va ularning boshqa ozuqabop mahsulotlari: tuzlangan, quritilgan, dudlangan",00210005001,"Tuzlangan qo’y go’shti",00210005001000000,"Final code for 00210005001",2025-08-13T20:21:38.806Z
002,"GO’SHT VA GO’SHTLI OZIQ-OVQAT SUBMAHSULOTLARI",00210,"Go’sht va ichak-chovoqlar, tuzlangan, namokoblangan, quritilgan yoki dudlangan",00210005,"Qo’y go’shti (echki) va ularning boshqa ozuqabop mahsulotlari: tuzlangan, quritilgan, dudlangan",00210005002,"Tuzlangan echki go’shti",00210005002000000,"Final code for 00210005002",2025-08-13T20:21:39.115Z
002,"GO’SHT VA GO’SHTLI OZIQ-OVQAT SUBMAHSULOTLARI",00210,"Go’sht va ichak-chovoqlar, tuzlangan, namokoblangan, quritilgan yoki dudlangan",00210005,"Qo’y go’shti (echki) va ularning boshqa ozuqabop mahsulotlari: tuzlangan, quritilgan, dudlangan",00210005003,"Quritilgan qo’zichoq, echki go’shti va boshqa ozuqabop mahsulotlari",00210005003000000,"Final code for 00210005003",2025-08-13T20:21:39.432Z
002,"GO’SHT VA GO’SHTLI OZIQ-OVQAT SUBMAHSULOTLARI",00210,"Go’sht va ichak-chovoqlar, tuzlangan, namokoblangan, quritilgan yoki dudlangan",00210005,"Qo’y go’shti (echki) va ularning boshqa ozuqabop mahsulotlari: tuzlangan, quritilgan, dudlangan",00210005004,"Dudlangan qo’zichoq, echki go’shti va ichaklari",00210005004000000,"Final code for 00210005004",2025-08-13T20:21:39.742Z
002,"GO’SHT VA GO’SHTLI OZIQ-OVQAT SUBMAHSULOTLARI",00210,"Go’sht va ichak-chovoqlar, tuzlangan, namokoblangan, quritilgan yoki dudlangan",00210006,"Ot go’shti va boshqa ozuqabop mahsulotlari: tuzlangan, quritilgan, dudlangan",00210006001,"Tuzlangan ot go’shti",00210006001000000,"Final code for 00210006001",2025-08-13T20:21:40.201Z
002,"GO’SHT VA GO’SHTLI OZIQ-OVQAT SUBMAHSULOTLARI",00210,"Go’sht va ichak-chovoqlar, tuzlangan, namokoblangan, quritilgan yoki dudlangan",00210006,"Ot go’shti va boshqa ozuqabop mahsulotlari: tuzlangan, quritilgan, dudlangan",00210006003,"Dudlangan ot go’shti",00210006003000000,"Final code for 00210006003",2025-08-13T20:21:40.522Z
002,"GO’SHT VA GO’SHTLI OZIQ-OVQAT SUBMAHSULOTLARI",00210,"Go’sht va ichak-chovoqlar, tuzlangan, namokoblangan, quritilgan yoki dudlangan",00210006,"Ot go’shti va boshqa ozuqabop mahsulotlari: tuzlangan, quritilgan, dudlangan",00210006004,"Quritilgan ot go’shti va uning qo’shimcha mahsulotlari",00210006004000000,"Final code for 00210006004",2025-08-13T20:21:40.850Z
002,"GO’SHT VA GO’SHTLI OZIQ-OVQAT SUBMAHSULOTLARI",00210,"Go’sht va ichak-chovoqlar, tuzlangan, namokoblangan, quritilgan yoki dudlangan",00210006,"Ot go’shti va boshqa ozuqabop mahsulotlari: tuzlangan, quritilgan, dudlangan",00210006005,"null",00210006005000000,"Final code for 00210006005",2025-08-13T20:21:41.169Z
002,"GO’SHT VA GO’SHTLI OZIQ-OVQAT SUBMAHSULOTLARI",00210,"Go’sht va ichak-chovoqlar, tuzlangan, namokoblangan, quritilgan yoki dudlangan",00210007,"Parranda go’shti va boshqa ozuqabop mahsulotlari: tuzlangan, quritilgan, dudlangan",00210007001,"Tuzlangan parranda go’shti",00210007001000000,"Final code for 00210007001",2025-08-13T20:21:41.617Z
002,"GO’SHT VA GO’SHTLI OZIQ-OVQAT SUBMAHSULOTLARI",00210,"Go’sht va ichak-chovoqlar, tuzlangan, namokoblangan, quritilgan yoki dudlangan",00210007,"Parranda go’shti va boshqa ozuqabop mahsulotlari: tuzlangan, quritilgan, dudlangan",00210007002,"Quritilgan parranda go’shti va uning ozuqabop mahsulotlari",00210007002000000,"Final code for 00210007002",2025-08-13T20:21:41.919Z
002,"GO’SHT VA GO’SHTLI OZIQ-OVQAT SUBMAHSULOTLARI",00210,"Go’sht va ichak-chovoqlar, tuzlangan, namokoblangan, quritilgan yoki dudlangan",00210007,"Parranda go’shti va boshqa ozuqabop mahsulotlari: tuzlangan, quritilgan, dudlangan",00210007003,"Dudlangan parranda go’shti",00210007003000000,"Final code for 00210007003",2025-08-13T20:21:42.236Z
